DATE,AMXL,CEMEXCPO,GFNORTEO,GMEXICOB,MEXCHEM,TLEVISACPO
2015-01-02,14.946827,13.0505,73.114052,39.566196,39.952633,98.90789
2015-01-05,14.780751,12.7393,71.045761,38.018436,37.750702,97.215553
2015-01-06,14.706939,12.9171,70.359413,38.16853,38.198566,96.601959
2015-01-07,14.873015,13.2105,71.880516,39.012749,40.101929,96.522789
2015-01-08,15.159035,13.3794,72.96566,39.547432,40.269852,97.314529
2015-01-09,15.343564,13.335,72.344246,39.706898,41.118912,97.166077
2015-01-12,15.22362,13.1305,70.090439,38.675064,40.73637,94.226746
2015-01-13,15.131353,12.926,69.728729,37.896492,39.159515,94.949203
2015-01-14,15.168261,12.4371,68.652832,36.114235,39.196911,92.900589
2015-01-15,15.334338,12.3748,69.348434,36.564495,39.868664,93.009445
2015-01-16,15.306657,12.1792,72.232941,37.558811,40.652405,92.99955
2015-01-19,15.315883,12.1792,71.92688,36.977222,40.661777,92.890686
2015-01-20,15.601902,12.3482,72.603951,37.239872,40.950977,93.722015
2015-01-21,15.795657,12.3304,74.050835,38.74073,40.9417,96.314957
2015-01-22,15.980187,12.6949,73.234627,39.2285,42.350525,98.987068
2015-01-23,15.915599,12.4282,74.681526,37.877735,41.650749,97.670815
2015-01-26,15.528091,12.4637,74.171394,38.872051,41.995995,98.640686
2015-01-27,15.352788,12.5171,75.030556,38.524979,41.520115,98.254707
2015-01-28,15.103677,12.2859,74.081619,38.046589,40.773762,97.166077
2015-01-29,15.029865,12.3659,73.318764,37.718273,40.279228,97.591629
2015-01-30,14.789977,11.8325,70.769676,37.136692,38.77697,96.552475
2015-02-03,14.789977,12.197,73.728104,38.468693,39.896683,97.61142
2015-02-04,14.789977,11.6103,73.579247,40.907578,39.00095,98.957382
2015-02-05,14.900694,13.1305,73.504845,41.836231,40.876385,98.739647
2015-02-06,14.928372,13.0682,74.035095,42.352146,41.184227,97.007721
2015-02-09,14.928372,13.2549,73.439705,42.38966,40.325901,97.522354
2015-02-10,14.909921,12.9527,72.602417,41.723667,39.140869,99.828293
2015-02-11,14.347109,12.8104,71.141792,41.376595,39.32745,98.700066
2015-02-12,14.937602,13.1927,73.690895,42.145779,40.801693,103.628639
2015-02-13,15.103677,13.0505,74.416542,42.674129,40.083267,102.500412
2015-02-16,15.057544,13.0238,74.584,42.362789,40.073891,103.381226
2015-02-17,15.039088,13.2816,75.877144,42.872269,39.859386,103.499977
2015-02-18,15.085222,13.0594,73.700195,43.145882,39.570087,98.739647
2015-02-19,15.094449,13.1483,74.602608,43.457237,39.887306,98.036987
2015-02-20,15.075995,13.3083,75.123604,44.18372,39.905964,98.55162
2015-02-23,14.75307,13.4416,74.723549,44.429028,39.523415,101.10498
2015-02-24,14.743845,13.6817,75.049156,43.740292,41.253063,99.927269
2015-02-25,14.762299,13.5127,75.011948,42.711884,41.964268,99.264175
2015-02-26,14.956051,13.6994,75.10498,43.419495,40.532467,100.897133
2015-02-27,14.762299,13.4683,75.532936,42.664707,40.785137,100.560654
2015-03-02,14.586995,13.5038,74.546768,42.702446,39.53109,101.431557
2015-03-03,14.476277,13.2994,74.509575,42.16465,39.00695,102.906181
2015-03-04,14.411693,13.1216,74.928223,42.315609,38.033676,102.510307
2015-03-05,14.227165,13.2727,77.021446,42.155216,39.147385,104.370888
2015-03-06,14.236389,12.7838,77.198212,41.419296,39.343842,105.825714
2015-03-09,14.264071,12.8015,77.040054,41.485332,38.847908,104.816238
2015-03-10,14.125673,12.7038,77.719193,40.730549,38.108505,104.915207
2015-03-11,14.024182,12.8193,78.816963,41.287205,38.417385,105.459526
2015-03-12,14.070315,13.2816,79.998482,42.560913,39.325138,105.410042
2015-03-13,14.097994,13.2994,80.761353,42.551479,39.212898,105.123039
2015-03-17,14.024182,13.1394,81.859131,42.202385,38.426689,104.271919
2015-03-18,14.836108,12.9705,83.338341,42.777916,39.109875,101.708664
2015-03-19,14.513184,12.7038,83.170876,43.202496,38.623249,102.916069
2015-03-20,14.503958,12.7038,81.059052,43.334583,38.76368,102.520195
2015-03-23,14.52241,12.8371,80.565971,43.476112,39.250309,102.896278
2015-03-24,14.559315,13.0238,80.92881,43.466671,38.847908,102.144127
2015-03-25,14.430146,12.9438,79.644966,43.325138,38.482899,99.60067
2015-03-26,14.365561,12.7304,79.12397,42.730747,38.192722,98.947487
2015-03-27,14.411693,12.7927,81.840515,41.938213,37.921352,99.531387
2015-03-30,14.577768,12.8993,81.840515,42.579792,37.874538,101.223724
2015-03-31,14.448599,12.8638,82.352196,42.504311,37.284973,99.759018
2015-04-01,14.965279,12.7393,83.356949,42.117474,37.079117,102.698334
2015-04-06,15.029865,13.3616,84.082596,42.579792,38.595139,103.7276
2015-04-07,14.771524,13.4327,85.636246,42.881706,39.409363,103.519775
2015-04-08,14.586995,13.1572,85.050125,42.796795,39.147385,104.281815
2015-04-09,14.734618,13.2105,84.026779,42.513748,38.80109,105.657471
2015-04-10,14.946827,13.2283,81.626541,42.16465,38.932121,106.528374
2015-04-13,15.048315,13.246,81.031143,42.645832,38.585831,106.756004
2015-04-14,15.057544,13.3172,81.505592,43.570454,38.183418,106.083023
2015-04-15,15.343564,13.6461,81.263733,43.844074,39.222202,107.141975
2015-04-16,15.574224,13.6016,83.115051,43.56102,39.970913,106.587753
2015-04-17,15.564999,13.4327,82.901093,43.211929,39.989616,104.07399
2015-04-20,15.61113,13.3794,81.691658,43.202496,39.877293,105.222008
2015-04-21,15.648033,13.4505,82.073105,42.976055,39.970913,106.99353
2015-04-22,15.601902,13.7083,81.654449,43.117577,41.309185,107.864433
2015-04-23,15.795657,13.815,81.198593,43.38176,41.870735,108.072258
2015-04-24,15.657263,14.1528,81.607933,44.089371,41.187546,111.546021
2015-04-27,15.648033,14.2506,81.060783,44.362984,41.983063,110.932419
2015-04-28,15.362016,14.1642,83.010582,44.900772,41.880035,111.100662
2015-04-29,15.140581,14.0717,81.05146,44.268639,41.458939,110.24955
2015-04-30,14.863789,13.6834,81.611206,44.683773,41.122036,110.506859
2015-05-04,14.909921,13.8776,83.551666,45.146084,42.844006,111.833023
2015-05-05,14.725392,13.8129,83.738258,45.591949,42.684956,108.428551
2015-05-06,14.568542,13.6927,82.702713,46.113708,42.610035,107.706085
2015-05-07,14.623901,13.7944,82.935951,46.085247,41.646072,107.785271
2015-05-08,14.550091,14.118,84.325981,46.265484,41.889442,109.378624
2015-05-11,14.503958,14.2752,84.755127,46.255993,41.954956,110.338615
2015-05-12,14.347109,14.2382,83.019897,46.768269,41.739704,109.922951
2015-05-13,14.291749,14.2012,82.646744,47.214134,42.834705,109.240082
2015-05-14,14.540864,14.3399,82.170959,47.394386,43.976414,109.022354
2015-05-15,14.586995,14.4878,82.53479,47.147732,43.976414,109.220284
2015-05-18,14.476277,14.3399,82.684052,46.77776,44.098045,109.843781
2015-05-19,14.430146,14.3121,81.891075,46.199085,43.985813,110.209953
2015-05-20,14.65158,14.1642,81.107437,46.284458,44.126163,109.596367
2015-05-21,14.49473,14.1457,81.228714,46.094734,44.360119,109.230186
2015-05-22,14.420919,13.8683,80.91153,45.905006,43.391819,112.694046
2015-05-25,14.568542,13.8314,81.042137,45.819622,43.851582,111.417366
2015-05-26,14.623901,13.6557,80.295799,45.155571,43.523201,112.5159
2015-05-27,14.799203,13.9146,79.978622,45.430679,43.157215,113.806435
2015-05-28,14.956051,13.5817,81.098106,45.345295,43.241669,115.891167
2015-05-29,14.946827,13.3321,81.098106,45.240948,43.785892,115.593361
2015-06-01,15.159035,13.2212,79.875992,44.159496,43.119698,117.271057
2015-06-02,15.140581,13.48,80.025261,44.709705,43.185402,118.660889
2015-06-03,15.094449,13.2674,79.5588,44.586376,43.354309,117.271057
2015-06-04,14.817655,13.1749,80.333122,43.799007,42.603565,114.967934
2015-06-05,14.75307,13.4431,79.801353,44.187954,42.988308,115.365028
2015-06-08,14.716165,13.4708,79.689407,44.425117,43.832832,114.799171
2015-06-09,14.49473,13.5078,80.81823,44.908924,43.748375,114.590698
2015-06-10,14.679259,13.6372,80.510376,44.899433,43.297935,114.77932
2015-06-11,14.52241,13.6002,80.351776,44.852001,43.729618,117.539101
2015-06-12,14.605447,13.6187,80.389091,45.19352,43.391819,118.234016
2015-06-15,14.513184,13.4615,79.083015,45.240948,43.269852,118.541763
2015-06-16,14.577768,13.554,80.333122,45.791164,43.166645,118.849503
2015-06-17,14.623901,13.6649,79.418861,45.155571,43.344872,117.777359
2015-06-18,15.039088,13.7204,81.088776,45.620403,43.279182,117.429901
2015-06-19,14.937602,13.6372,81.172745,44.56741,43.204147,119.67347
2015-06-22,15.149809,13.7204,81.863098,44.614841,43.279182,119.514633
2015-06-23,15.242072,13.7944,81.965706,44.908924,43.260426,120.348526
2015-06-24,15.260527,13.6002,81.545906,45.772194,43.288609,121.37104
2015-06-25,15.408149,13.6372,80.473061,45.174541,43.157215,122.036163
2015-06-26,15.408149,13.6649,80.59433,45.601433,43.532536,121.966675
2015-06-29,15.297431,13.1657,78.579231,44.216408,42.688015,119.494774
2015-06-30,15.463507,13.3229,80.454391,44.946873,42.594147,121.222122
2015-07-01,15.131353,13.2489,80.585007,44.235386,41.974792,120.477577
2015-07-02,15.251298,13.2489,80.743607,44.25436,42.096859,121.629143
2015-07-03,15.22362,13.2766,79.969292,44.093086,41.402393,121.450447
2015-07-06,15.094449,13.0362,80.724937,42.850357,41.045826,119.762817
2015-07-07,15.417373,13.1749,80.82756,43.182384,41.289761,114.034775
2015-07-08,15.048315,12.7774,81.126099,42.451931,40.407734,111.761421
2015-07-09,14.974505,12.953,82.01236,42.006065,41.261669,111.016876
2015-07-10,15.048315,13.1472,83.430389,41.95863,41.346123,111.185638
2015-07-13,15.232846,13.2581,82.963936,42.300144,40.942524,113.230659
2015-07-14,15.400239,13.2489,82.320221,41.968121,40.773624,112.565529
2015-07-15,15.167747,13.1472,82.189613,41.78788,40.604717,113.756798
2015-07-16,15.297944,13.1564,81.583221,42.518326,40.370117,113.63768
2015-07-17,15.09335,13.2674,81.368645,42.945229,40.49218,113.101601
2015-07-20,15.251444,13.3876,81.91906,42.622677,41.486839,112.893127
2015-07-21,14.981755,13.1564,81.387314,42.366543,44.386475,112.565529
2015-07-22,14.739964,13.2581,80.202522,40.592583,43.832832,112.277634
2015-07-23,14.656267,12.9715,80.062576,40.545151,43.889194,112.912979
2015-07-24,14.367976,12.1764,78.971069,40.27953,44.517868,113.528473
2015-07-27,14.126186,11.8713,78.877777,39.387802,44.048672,110.470871
2015-07-28,14.367976,12.574,79.938293,40.706417,44.517868,110.818329
2015-07-29,14.284279,12.8328,80.359299,41.512764,44.386475,111.20549
2015-07-30,14.191284,12.6017,80.331245,41.209198,44.386475,110.59993
2015-07-31,14.572571,12.6942,79.3395,41.797367,44.283272,111.602577
2015-08-03,14.646966,12.5832,80.480934,40.630527,44.264511,112.148582
2015-08-04,14.870158,12.3983,80.396744,40.411003,43.964222,113.042046
2015-08-05,14.758564,12.2504,78.534882,40.926403,43.307358,107.949341
2015-08-06,14.730664,12.4445,79.53598,40.888229,43.588902,106.221992
2015-08-07,14.563271,12.7404,79.620171,40.802322,43.588902,106.50988
2015-08-10,14.767862,12.9068,79.442421,41.880848,43.335548,107.522469
2015-08-11,14.433075,12.2966,78.488091,40.430096,42.688015,105.53701
2015-08-12,14.274981,12.1856,78.029655,40.563717,42.087425,105.139923
2015-08-13,14.023889,12.1672,79.002686,39.88607,42.303272,105.497299
2015-08-14,14.098287,12.2319,77.646049,39.513832,41.768387,104.752747
2015-08-17,14.386577,12.1209,76.495262,39.752445,41.533783,106.390755
2015-08-18,14.433075,12.2504,75.400589,39.55201,41.580715,106.480103
2015-08-19,14.470274,12.1117,73.987831,39.427933,41.214733,105.507233
2015-08-20,14.209883,11.6494,74.371422,39.294308,40.661076,102.628311
2015-08-21,13.986691,11.0485,72.069832,38.387592,39.244061,101.397331
2015-08-24,13.865795,10.9098,71.583313,37.251801,38.498642,98.796379
2015-08-25,14.005291,11.0485,73.641647,37.585861,38.809307,99.173622
2015-08-26,13.949492,11.2056,73.847481,37.767204,38.244514,100.096855
2015-08-27,14.470274,11.8713,75.522224,39.313404,39.910557,100.642853
2015-08-28,14.330778,11.8713,74.708237,39.943333,39.844761,100.394669
2015-08-31,14.200583,12.1394,75.232201,40.515991,40.400108,101.70507
2015-09-01,14.033189,11.4737,72.706039,39.112968,39.176434,99.372162
2015-09-02,14.061089,11.7141,72.182114,39.189327,39.148155,98.607765
2015-09-03,14.061089,11.7788,73.052223,39.618816,39.524727,98.925438
2015-09-04,13.884396,11.5754,72.621841,38.626202,39.496456,96.83078
2015-09-07,13.912294,11.52,71.901413,39.036613,39.054089,95.669289
2015-09-08,14.116887,11.7973,72.154037,40.286926,39.515278,97.505836
2015-09-09,13.986691,11.7604,72.837029,39.895599,39.675236,96.582596
2015-09-10,13.819298,11.9823,72.500206,40.630524,39.995373,96.393974
2015-09-11,13.726301,11.9453,71.686234,40.382374,39.364666,95.99688
2015-09-14,14.005291,12.1394,72.677971,40.105583,39.411751,94.984306
2015-09-15,13.977392,12.1487,73.688438,40.258297,39.863583,95.937325
2015-09-17,13.986691,12.2966,75.37252,40.353737,40.080074,95.500519
2015-09-18,13.828598,11.8898,75.718697,39.685627,40.023544,95.788406
2015-09-21,14.014589,11.8528,74.464981,39.523376,39.345852,96.076309
2015-09-22,13.679803,11.5569,74.427574,38.97934,38.809307,95.083572
2015-09-23,13.44731,11.1871,74.960861,38.797997,38.941109,93.862518
2015-09-24,13.317115,11.0669,74.745659,38.759827,38.526917,90.99353
2015-09-25,13.289217,10.9467,75.101189,38.826637,39.345852,91.231781
2015-09-28,13.131123,10.5584,74.736305,38.034447,38.545723,88.372719
2015-09-29,13.075324,10.6879,75.615768,38.855259,38.498642,86.853844
2015-09-30,13.038126,10.9005,77.468285,39.055702,39.07291,87.558685
2015-10-01,13.242717,10.9837,77.543129,38.893452,39.524727,86.744652
2015-10-02,13.19622,11.0577,78.319687,39.036613,39.402294,86.695023
2015-10-05,13.800698,11.3166,78.338402,39.666542,39.788223,87.60833
2015-10-06,13.670503,11.3905,77.21566,40.678246,39.6847,87.816795
2015-10-07,13.679803,11.8713,76.850777,41.470432,39.308224,89.127205
2015-10-08,13.7356,12.0192,77.084679,41.861759,40.494179,88.879021
2015-10-09,13.670503,11.936,77.973503,43.217056,42.357925,88.948509
2015-10-12,13.484509,11.7788,78.506821,43.322052,41.962635,87.836655
2015-10-13,13.503109,11.8436,79.395638,42.501228,42.056702,87.588478
2015-10-14,13.19622,12.047,79.582756,42.262619,42.357925,86.704941
2015-10-15,13.279917,11.7696,80.490288,41.537247,41.934372,87.518982
2015-10-16,13.261318,11.9453,82.333443,40.993217,42.122604,87.648033
2015-10-19,13.549607,11.8436,82.473778,41.098206,42.499168,87.965714
2015-10-20,13.317115,11.8621,82.062111,40.649616,42.677956,88.749962
2015-10-21,13.075324,11.6217,82.38958,39.895599,42.668598,87.241013
2015-10-22,13.214819,10.7526,82.296013,39.590187,42.19796,87.60833
2015-10-23,13.326414,10.7341,85.056068,39.876522,41.717857,93.693756
2015-10-26,13.43801,10.3735,82.305374,40.258297,41.877922,92.006119
2015-10-27,13.131123,10.0314,84.10173,39.828796,41.17197,92.542183
2015-10-28,13.047425,10.1794,85.420959,38.578476,41.567249,95.79834
2015-10-29,13.372912,9.98521,84.999931,38.005814,41.821381,96.602448
2015-10-30,13.717,9.6801,83.222267,38.406681,40.32476,95.411171
2015-11-03,13.531009,9.72633,87.619621,38.521214,40.710682,97.912849
2015-11-04,13.270618,9.81879,90.070915,38.53075,41.030712,97.297363
2015-11-05,13.372912,9.88351,88.639435,38.290962,41.124878,96.57267
2015-11-06,13.270618,9.67086,88.592667,38.166256,40.051811,97.059105
2015-11-09,13.010226,9.2733,85.879395,37.878517,39.336399,95.609718
2015-11-10,12.822489,9.25481,85.467735,37.725037,39.317585,95.570007
2015-11-11,12.831878,9.16235,85.692276,37.456459,38.771687,95.94725
2015-11-12,12.906972,9.13462,85.18705,36.679516,38.376305,94.329102
2015-11-13,12.578429,8.6446,84.083038,36.526043,38.065727,92.383354
2015-11-17,12.756781,9.14386,86.955338,35.681961,38.103352,94.120628
2015-11-18,13.30122,9.19933,87.516708,36.382164,39.637619,96.384048
2015-11-19,13.376315,9.24556,85.561295,35.988895,39.656429,95.530304
2015-11-20,13.263673,9.45821,87.797386,36.247879,40.40947,95.45089
2015-11-23,13.226125,9.29179,86.141365,35.346237,40.353027,96.413834
2015-11-24,13.188578,9.35651,84.915726,35.422974,40.105778,95.857903
2015-11-25,12.963292,9.4767,83.277664,35.288696,40.086906,94.696411
2015-11-26,12.944518,9.58765,84.63842,35.557259,39.633732,95.411171
2015-11-27,12.897584,9.60614,84.225487,35.586033,40.09639,95.262268
2015-11-30,12.606591,9.71709,83.981491,34.80909,38.746231,92.671242
2015-12-01,12.906972,9.55991,85.867775,34.876236,39.265511,95.182838
2015-12-02,12.512721,9.38425,84.751022,34.2048,37.915451,95.728851
2015-12-03,12.531495,9.25481,83.812569,34.080109,37.99094,94.736115
2015-12-04,12.362533,9.21783,83.718735,34.089695,37.282864,95.599792
2015-12-07,12.137246,9.00518,82.68644,34.089695,36.659756,96.096161
2015-12-08,11.827479,8.71857,82.029541,33.62928,37.377319,94.259605
2015-12-09,11.865026,8.82951,84.497643,33.773163,36.999615,94.984306
2015-12-10,11.949509,8.80178,83.061821,33.69643,37.254604,95.460815
2015-12-11,11.827479,8.3395,83.136894,34.23357,37.169636,93.425713
2015-12-14,11.846252,8.08062,82.592598,34.339085,37.348953,91.648727
2015-12-15,12.080924,8.27478,85.567467,35.048889,37.821014,94.130554
2015-12-16,12.447014,8.41346,88.608032,35.480526,37.311218,95.321823
2015-12-17,12.249889,8.45044,90.569382,35.749096,37.905972,94.636848
2015-12-18,11.921348,8.30251,89.687248,35.403797,36.622013,94.388664
2015-12-21,11.921348,8.16383,88.354652,35.432568,36.867519,94.329102
2015-12-22,11.724223,8.40422,88.082504,35.298275,36.537048,95.510445
2015-12-23,11.742997,9.00518,87.800972,36.746658,36.933617,95.897614
2015-12-24,11.696063,8.98669,87.388062,36.382164,37.075188,96.264923
2015-12-28,11.48955,8.68158,88.251427,35.854607,37.103546,95.440956
2015-12-29,11.771157,8.60762,88.673721,35.921757,37.027977,96.125946
2015-12-30,11.752383,8.56139,88.364044,35.538078,36.31041,95.123283
2015-12-31,11.376907,8.71857,89.142944,35.288696,36.348248,93.654037
2016-01-04,11.292427,8.43195,86.139923,34.252766,36.546528,91.946556
2016-01-05,11.236104,8.31176,86.074234,34.96257,36.414341,91.221855
2016-01-06,11.020205,8.29327,85.989769,34.118469,35.9328,89.752625
2016-01-07,10.644731,7.63683,84.028427,33.581326,34.422211,89.573936
2016-01-08,10.250483,7.1838,83.38089,32.766006,34.374981,90.933968
2016-01-11,10.475767,7.23928,83.803192,32.766006,35.158638,92.264229
2016-01-12,10.560248,7.3872,83.840721,33.658058,35.130283,95.897614
2016-01-13,10.729214,7.13757,83.165062,33.801941,35.168121,96.046516
2016-01-14,11.001432,7.35947,82.198448,33.801941,35.753391,97.098808
2016-01-15,10.672892,7.32249,80.162018,33.101727,34.771557,94.557434
2016-01-18,10.569636,7.25777,80.208946,32.698868,34.129574,93.862518
2016-01-19,10.625957,6.95266,80.650017,32.593353,33.997379,94.051132
2016-01-20,10.691667,6.81398,79.983727,33.475815,33.666904,92.909492
2016-01-21,10.91695,7.2855,77.966049,33.120914,34.195663,95.153061
2016-01-22,11.236104,7.44268,79.739723,33.360714,34.752686,96.949913
2016-01-25,11.057754,6.90643,80.734467,32.785194,34.157928,95.877762
2016-01-26,11.33936,7.05436,81.20369,33.97459,33.902935,96.671936
2016-01-27,11.602193,7.02663,82.57383,33.034584,33.978519,95.530304
2016-01-28,11.677289,7.21154,83.26828,33.063366,34.101219,93.663971
2016-01-29,12.00583,7.58136,88.805107,33.734791,35.328568,95.421112
2016-02-02,11.911961,7.42419,84.507034,32.161713,34.374981,96.523041
2016-02-03,12.099699,7.76627,85.548698,32.698868,34.478912,95.361534
2016-02-04,12.381305,8.70932,85.051323,34.147243,35.083157,94.537582
2016-02-05,12.221727,8.55214,83.906418,33.341526,34.790421,90.358177
2016-02-08,12.118472,7.9142,82.57383,32.612541,33.21373,89.564003
2016-02-09,11.78993,7.68306,80.847092,32.641312,34.006866,87.836655
2016-02-10,11.123462,7.67382,82.949203,32.294987,33.969036,88.98822
2016-02-11,11.095302,7.55362,81.757385,32.256504,34.186184,90.199348
2016-02-12,11.311199,7.83099,80.274635,33.545616,34.318371,88.452148
2016-02-15,11.667902,8.08062,82.198448,33.997761,34.431694,91.092812
2016-02-16,11.58342,8.12685,81.194305,34.565353,35.215256,90.725494
2016-02-17,11.658515,8.848,86.355759,35.575474,34.969841,91.797646
2016-02-18,11.480164,8.51516,85.680092,35.575474,34.4883,90.457458
2016-02-19,11.198557,8.56139,85.961609,35.710155,34.290119,89.484581
2016-02-22,11.329973,9.06065,85.820854,36.085342,34.365601,90.775131
2016-02-23,11.264265,8.9497,84.966866,35.488888,34.648846,89.544144
2016-02-24,11.273652,8.98669,85.238045,35.931419,34.950184,91.420403
2016-02-25,11.442616,9.07914,85.379524,36.402809,35.281815,91.738083
2016-02-26,11.480164,9.16235,84.681549,36.604839,35.0639,92.323784
2016-02-29,11.58342,9.24556,86.417061,36.701042,35.982952,92.720879
2016-03-01,11.799318,9.63388,88.944878,36.758762,37.063004,94.269531
2016-03-02,12.109085,9.62463,88.501556,37.393688,37.148273,94.765907
2016-03-03,12.240502,9.6801,88.775085,38.00938,37.508259,94.478004
2016-03-04,12.30621,9.73558,89.605118,38.038246,37.7356,97.883072
2016-03-07,12.465787,10.1609,90.652077,38.74052,39.185158,99.44165
2016-03-08,12.540882,9.80954,90.312515,38.124828,38.891499,97.148445
2016-03-09,12.156019,9.95747,90.529465,38.836716,39.118832,94.666626
2016-03-10,12.231114,10.0314,88.105415,39.702538,39.204098,94.706337
2016-03-11,12.634751,9.95747,89.274994,41.135944,39.137772,94.815544
2016-03-14,12.503334,10.0869,88.124275,40.597218,39.914658,95.500519
2016-03-15,12.165408,9.86501,89.491928,39.750637,38.995697,94.120628
2016-03-16,12.334371,10.0962,91.519836,40.424049,40.056824,93.79303
2016-03-17,12.4564,10.4105,92.104622,41.424553,39.763065,97.793724
2016-03-18,12.212341,11.0577,93.142159,40.905064,39.962048,97.108742
2016-03-22,12.353145,11.5015,92.915787,41.443794,40.132568,95.351616
2016-03-23,12.597204,11.1132,91.331184,41.511135,41.108429,97.485977
2016-03-28,12.700459,11.2981,92.670555,41.366829,40.663177,95.728851
2016-03-29,12.587816,11.2888,93.642059,40.905064,40.274738,96.92012
2016-03-30,12.606591,11.5107,93.783546,40.895443,40.360004,96.235138
2016-03-31,12.606591,11.6032,91.897118,40.068111,40.10421,94.458153
2016-04-01,12.813101,11.6032,92.434746,39.519756,39.49786,94.964447
2016-04-04,12.850649,11.5107,90.350258,39.240768,39.099899,95.282127
2016-04-05,12.719234,11.5107,88.331779,38.480774,39.156708,93.296669
2016-04-06,12.644139,11.5292,90.623787,38.576969,40.227345,93.157677
2016-04-07,12.540882,11.409,89.265556,37.470654,39.744125,92.462769
2016-04-08,12.691072,11.4275,88.05825,37.14357,39.279938,90.656006
2016-04-11,12.512721,11.52,88.709068,38.42305,39.440952,91.25164
2016-04-12,12.775555,11.6402,88.784523,39.413929,40.047302,90.943893
2016-04-13,12.888197,11.7788,88.98259,40.414433,40.909443,91.519684
2016-04-14,12.822489,11.6402,88.029953,40.770382,41.222145,91.261574
2016-04-15,12.700459,11.8713,88.756218,40.606834,41.155823,91.489899
2016-04-18,12.296824,11.9083,88.482697,41.43417,40.843121,89.752625
2016-04-19,12.775555,12.0192,89.62397,41.414925,42.216949,90.248985
2016-04-20,12.719234,12.084,90.105019,40.6357,43.410618,90.47731
2016-04-21,12.822489,12.0655,90.397408,40.106583,41.155823,91.708298
2016-04-22,12.784941,12.2134,90.020134,39.914185,39.772583,93.862518
2016-04-25,12.841264,11.9083,90.303093,39.654434,39.895714,93.068336
2016-04-26,12.766169,11.9083,90.33139,39.644814,40.691536,92.432991
2016-04-27,12.803716,12.01,92.415886,40.260506,41.657974,93.0187
2016-04-28,11.36752,12.1209,91.199142,42.16531,41.402184,92.085533
2016-04-29,11.414455,12.2788,92.123482,42.097961,41.146301,99.530998
2016-05-02,11.198557,12.3077,93.311935,41.232151,40.663177,97.396637
2016-05-03,11.395683,12.0192,91.312325,40.231647,40.426323,98.776527
2016-05-04,11.020205,11.8654,90.793564,39.644814,39.403076,97.227875
2016-05-05,10.879403,11.6923,91.123688,39.15419,39.734707,98.538277
2016-05-06,10.804309,11.7212,90.416275,39.173428,39.54525,97.892998
2016-05-09,10.907565,11.7308,91.284027,39.00988,39.782097,96.135864
2016-05-10,11.095302,12.0096,92.208389,39.317726,39.867363,96.185501
2016-05-11,10.879403,11.8558,92.63282,39.452412,38.995697,95.639503
2016-05-12,10.973272,11.8173,93.36853,39.79874,39.829391,94.507782
2016-05-13,10.945111,11.5288,92.066902,39.442795,39.440952,94.924736
2016-05-16,11.001432,11.5865,93.330795,39.471649,38.900917,96.304634
2016-05-17,11.067141,11.6731,93.547737,39.885319,38.076744,95.589867
2016-05-18,10.992046,11.5673,90.916176,39.875664,37.925152,94.200043
2016-05-19,10.832468,11.3269,90.520027,39.228775,37.745113,93.733459
2016-05-20,10.813694,11.3846,90.482307,39.470146,38.379822,96.503174
2016-05-23,10.79492,11.4615,91.482101,39.026012,38.266209,97.694458
2016-05-24,10.851242,11.5288,91.029366,39.325321,38.321449,98.637543
2016-05-25,10.719826,11.625,91.75563,39.846703,37.979309,99.153763
2016-05-26,10.823081,11.6538,93.047829,40.010838,37.912773,99.701683
2016-05-27,10.79492,11.5192,92.444183,40.29084,37.608627,100.149986
2016-05-30,10.804309,11.5,92.472481,40.001179,37.675159,99.930817
2016-05-31,10.597795,11.2788,91.029366,39.479809,36.905262,98.107735
2016-06-01,10.597795,11.2308,91.22744,39.248085,37.58963,99.143799
2016-06-02,10.597795,11.125,91.255745,39.219116,37.808235,99.123878
2016-06-03,10.654119,11.4135,92.51963,39.682564,37.84623,98.197395
2016-06-06,10.607183,11.3654,90.614349,40.078419,37.893772,96.204956
2016-06-07,10.79492,11.5962,90.548325,39.962563,38.321449,95.786545
2016-06-08,11.048367,11.9423,91.23687,40.29084,38.60659,95.198769
2016-06-09,10.79492,11.5769,90.802994,39.363945,37.998302,94.44165
2016-06-10,10.682279,11.2596,91.614159,38.37912,37.570538,92.98716
2016-06-13,10.363124,11.125,91.8311,38.678432,37.104866,93.485268
2016-06-14,10.278641,10.7981,91.331184,38.581875,36.734188,91.971016
2016-06-15,10.550861,11.1538,91.642456,39.470146,37.485096,92.0009
2016-06-16,10.550861,11.2692,92.849762,40.252216,38.10284,93.086784
2016-06-17,10.550861,11.5,90.699249,40.44532,37.58963,94.073044
2016-06-20,10.682279,11.7308,91.680176,40.957039,38.112282,96.424126
2016-06-21,10.597795,11.5865,92.953514,41.014973,37.41856,95.68692
2016-06-22,10.625957,11.6635,93.528877,41.179108,37.466007,96.354385
2016-06-23,10.597795,11.8942,96.349075,41.237045,38.159828,96.513779
2016-06-24,10.34435,10.8077,91.010498,39.151535,36.639214,94.85009
2016-06-27,10.278641,10.2019,89.501289,38.919811,35.62215,91.184006
2016-06-28,10.325577,10.2788,91.9748,38.697742,35.631695,92.020836
2016-06-29,10.625957,10.5,94.742096,40.030148,36.078362,93.545044
2016-06-30,10.532087,10.8654,97.158737,41.603935,36.734188,95.06926
2016-07-01,10.710439,10.875,98.419189,41.130829,36.791279,96.732948
2016-07-04,10.635343,10.75,98.675072,40.92807,36.924255,95.716805
2016-07-05,10.766761,10.5096,96.381622,39.586014,36.344513,97.15136
2016-07-06,10.61657,10.5962,96.476402,38.717049,36.049919,93.744286
2016-07-07,10.522702,10.9423,96.827049,39.103252,35.821754,92.648445
2016-07-08,10.625957,11.0962,96.495346,39.904633,36.211437,95.049339
2016-07-11,10.635343,11.5865,96.173134,40.763935,36.106907,96.005714
2016-07-12,10.673361,11.9231,97.262993,41.507381,36.924255,97.29084
2016-07-13,10.635345,11.7981,95.244377,41.59428,36.86726,97.69928
2016-07-14,10.863449,11.9135,95.680328,42.019104,36.990791,98.416565
2016-07-15,10.815927,12,95.765617,42.685307,37.133408,98.84494
2016-07-18,11.053535,12.4904,94.969543,42.78186,37.352024,98.894745
2016-07-19,11.072542,12.0385,96.258423,42.608067,37.342476,99.950745
2016-07-20,11.291142,12.3558,98.248604,42.366688,37.827236,100.648094
2016-07-21,11.272134,12.1346,97.443062,42.482552,37.7607,98.894745
2016-07-22,11.025022,12.2596,96.599594,42.44392,37.751148,99.970665
2016-07-25,11.006012,12.2981,94.163994,41.082558,37.399464,98.117691
2016-07-26,10.95849,12.5288,93.595367,42.501862,36.553574,98.745316
2016-07-27,10.787415,12.8365,95.140129,43.457714,37.237946,98.84494
2016-07-28,10.502284,13.4904,96.504829,44.317032,38.597042,98.685539
2016-07-29,10.245667,13.7404,97.319855,43.689442,38.834644,99.153763
2016-08-01,10.388232,13.7212,98.940437,44.191509,39.58556,98.476334
2016-08-02,10.388232,13.4135,97.462006,44.674259,38.996273,98.705467
2016-08-03,10.283683,13.6442,98.248604,45.794258,38.863194,98.396637
2016-08-04,10.217154,13.7404,98.305466,45.861843,38.349888,99.343048
2016-08-05,10.264676,14.1538,98.769836,45.736324,39.404938,98.735352
2016-08-08,10.321701,14.0192,100.096634,45.987358,40.013222,97.011887
2016-08-09,10.549806,14.4231,99.509056,45.388741,40.022678,96.414162
2016-08-10,10.578319,14.9038,98.930946,45.832882,39.595013,96.872421
2016-08-11,10.673361,15.1635,102.3806,46.363911,40.041679,98.476334
2016-08-12,10.454762,15.3077,102.731255,47.348736,40.678505,99.223495
2016-08-15,10.502284,15.4327,102.968178,47.918385,41.391319,99.771423
2016-08-16,10.492779,15.25,101.224403,48.507351,41.60038,98.46637
2016-08-17,10.578319,15.2115,98.97834,47.310112,40.783031,98.446449
2016-08-18,10.492779,15.1154,100.352516,46.325287,41.780994,98.346825
2016-08-19,10.492779,15.1635,99.537483,46.614941,41.57193,100.189835
2016-08-22,10.435752,15.1635,100.352516,46.798389,41.457859,100.757675
2016-08-23,10.369223,14.9712,97.689461,45.626495,40.954102,100.867264
2016-08-24,10.312198,14.7788,98.561348,45.074444,41.934231,100.917076
2016-08-25,10.511787,14.2692,98.599258,45.452164,41.981911,101.504845
2016-08-26,10.42625,14.9327,99.255363,44.880733,41.142975,101.285675
2016-08-29,10.559309,15.0481,99.419136,44.967907,40.923714,101.86348
2016-08-30,10.606832,14.9904,99.130127,45.481213,41.533817,102.461212
2016-08-31,10.701875,14.9712,97.502045,45.578072,41.276447,102.242043
2016-09-01,10.483274,14.875,101.056862,44.493336,41.99139,101.415184
2016-09-02,10.388232,15.0481,102.029854,45.132553,42.525181,102.291855
2016-09-05,10.407239,15.1538,101.422935,44.871059,42.506126,102.311775
2016-09-06,10.350215,14.9904,102.212891,45.655548,43.154434,99.06411
2016-09-07,10.312198,14.8077,103.359291,45.50058,43.45948,99.751495
2016-09-08,10.464266,14.8365,102.771645,45.306881,43.497593,99.890961
2016-09-09,10.369223,14.2308,100.180191,43.466721,42.763592,95.647072
2016-09-12,10.5403,14.5385,101.962418,43.137424,42.706337,95.268501
2016-09-13,10.606832,14.0865,99.631081,42.381989,42.077183,94.68074
2016-09-14,10.568814,13.9423,97.2323,42.381989,42.04855,95.059296
2016-09-15,10.616336,14.0288,96.808418,41.568432,41.886551,94.541267
2016-09-19,10.407239,13.9135,96.731361,42.420727,41.905598,95.567375
2016-09-20,10.47377,14.0481,97.85849,42.585373,41.905598,96.444046
2016-09-21,10.654353,14.1635,98.812218,43.553883,41.676865,97.390457
2016-09-22,10.91097,14.7115,103.031746,45.258457,42.239281,100.747711
2016-09-23,10.872952,14.7308,99.332436,44.900112,42.29644,101.654274
2016-09-26,10.635345,14.4904,97.444244,44.948532,41.810238,100.418968
2016-09-27,10.502284,14.7981,100.844917,45.568382,42.954224,99.701683
2016-09-28,10.701875,15.0865,100.276527,46.440041,43.230644,101.674194
2016-09-29,10.597326,15.3462,98.802582,45.452164,42.096233,99.940781
2016-09-30,10.521293,14.7692,97.954826,45.887989,41.371811,99.25338
2016-10-03,10.606832,14.7692,101.605972,45.626495,41.352661,100.628174
2016-10-04,10.511787,14.7115,102.945053,46.236652,42.81118,99.990593
2016-10-05,10.654353,14.9423,102.087654,46.459408,42.849377,100.54847
2016-10-06,10.521293,15.1154,102.453728,46.226971,42.55381,99.273315
2016-10-07,10.682865,15.0096,102.415199,45.752396,42.22023,99.233459
2016-10-10,10.787415,15.4038,105.27639,45.965469,43.154434,100.409004
2016-10-11,10.777908,15.3365,104.380463,46.207596,42.887486,98.356789
2016-10-12,10.749396,15.2115,103.725365,46.004211,42.620541,97.171288
2016-10-13,10.616336,15.4615,102.530807,46.381927,42.382229,95.487671
2016-10-14,10.464266,15.3365,103.147354,46.023586,42.29644,95.846313
2016-10-17,10.388232,15.4519,103.869873,46.062317,41.972343,95.647072
2016-10-18,10.530796,15.6731,105.892944,46.294765,42.849377,96.194992
2016-10-19,10.644849,15.8173,107.260918,46.488468,43.688221,97.380493
2016-10-20,10.568814,16.0481,107.376526,46.362556,43.259277,96.732948
2016-10-21,10.635345,16.2789,108.599998,46.294765,43.059071,96.932198
2016-10-24,10.673361,16.2885,109.678955,46.323822,43.326008,95.198769
2016-10-25,10.644849,16.2211,109.428482,46.517521,43.097176,95.188812
2016-10-26,10.549806,16.230801,107.684799,45.917046,43.16391,95.089188
2016-10-27,10.616336,16.2115,108.8601,46.478783,43.39275,94.969643
2016-10-28,11.842395,15.7981,107.463226,44.900112,43.678642,92.887535
2016-10-31,11.89942,15.7308,107.232018,45.103497,43.087696,92.648445
2016-11-01,11.918428,15.4808,105.016281,44.251209,41.962765,93.136597
2016-11-03,11.585777,15.5865,103.763908,43.582939,42.267818,92.170258
2016-11-04,11.291142,15.2212,105.353455,45.781452,41.581497,91.682114
2016-11-07,11.52875,16.019199,107.482491,46.982407,42.267818,94.730545
2016-11-08,11.932594,16.0961,109.476654,47.263268,42.944649,93.973419
2016-11-09,11.650568,15.7308,101.326599,49.248718,41.286022,92.578712
2016-11-10,11.436619,14.8846,92.309517,50.565891,40.094357,91.781731
2016-11-11,11.251842,14.8173,91.317253,53.93631,41.114346,92.20015
2016-11-14,11.281018,14.8173,92.15538,55.524662,39.73214,92.977203
2016-11-15,11.358818,14.8942,92.299873,53.161495,40.818874,91.373291
2016-11-16,11.621393,14.8942,92.319153,52.212364,41.772133,91.562569
2016-11-17,11.358818,15.6154,91.317253,52.541649,40.86655,90.048317
2016-11-18,11.290742,15.2885,88.157417,51.331017,42.115292,87.488029
2016-11-22,11.621393,15.4808,92.444382,53.771664,42.067699,84.897858
2016-11-23,11.776993,15.6346,92.954964,54.333397,42.945438,83.752205
2016-11-24,11.747818,15.5962,93.195801,56.096081,42.926331,83.074776
2016-11-25,11.767269,15.9038,93.301773,56.649563,45.402451,83.094704
2016-11-28,11.825618,15.6058,93.67749,56.45536,46.339375,84.917778
2016-11-29,11.990944,15.5577,93.956863,55.765934,46.473232,85.943886
2016-11-30,12.175719,15.3942,95.006935,54.668678,46.903427,84.708572
2016-12-01,11.981218,15.3942,94.332573,55.833904,46.951252,83.592812
2016-12-02,11.845069,15.5385,92.376945,57.241894,45.937889,82.168221
2016-12-05,12.020118,15.8558,92.598526,59.504379,46.454124,81.630257
2016-12-06,12.039569,16.0481,94.322945,59.1451,45.794426,82.576668
2016-12-07,12.25352,16.605801,94.438545,59.310177,47.725601,83.792053
2016-12-08,12.613345,17.375,95.334473,60.698738,47.725601,83.493187
2016-12-09,12.827294,17.230801,96.66391,61.368744,48.222828,84.130768
2016-12-13,12.593894,17.0096,99.987518,59.009159,47.563122,83.622696
2016-12-14,12.204894,16.3846,99.794846,59.251915,47.978035,83.303909
2016-12-15,12.31187,15.9904,97.810318,57.989582,48.458206,83.333794
2016-12-16,12.049294,15.6731,97.058899,54.989117,47.370472,82.40731
2016-12-19,12.204894,15.5673,96.615746,53.260685,47.644852,83.373642
2016-12-20,12.418845,15.8558,96.191864,53.639385,45.675171,85.087143
2016-12-21,12.438294,15.8654,95.729454,53.581127,45.920155,86.222832
2016-12-22,12.350769,15.4808,95.719818,53.930698,46.351326,86.093323
2016-12-23,12.516094,15.4327,96.249672,54.901722,46.723709,85.664948
2016-12-26,12.593894,15.2885,96.056999,54.15403,46.057346,85.286385
2016-12-27,12.632793,16.019199,95.777618,54.299686,46.135742,86.920181
2016-12-28,12.64252,15.9423,96.750618,56.066952,46.596313,87.119423
2016-12-29,12.768945,15.7885,98.667709,56.037819,47.360672,86.970001
2016-12-30,12.671695,15.9038,98.552109,54.794907,46.155334,86.19294
2017-01-02,12.671695,15.9038,98.552109,54.794907,46.155334,86.19294
2017-01-03,13.138496,15.9038,97.511673,55.765934,45.763363,89.888924
2017-01-04,13.332996,16.3461,96.2882,56.280579,47.262672,93.385651
2017-01-05,13.109321,16.3654,96.471245,57.766243,50.006519,91.931168
2017-01-06,13.08987,16.3654,93.821991,56.513622,49.467548,89.281227
2017-01-09,13.157946,16.192301,93.263245,55.765934,48.605194,89.221451
2017-01-10,13.459421,16.2596,92.001236,57.8148,49.026573,86.860413
2017-01-11,13.576121,16.3654,90.777763,58.242046,49.271561,86.840485
2017-01-12,13.245471,16.7115,92.213181,60.038441,48.771793,86.451958
2017-01-13,13.157946,16.432699,95.2285,60.096703,50.026119,85.605171
2017-01-16,13.03152,16.144199,93.523354,59.650036,49.202961,84.897858
2017-01-17,13.021796,17.057699,94.900963,57.843925,49.918324,85.664948
2017-01-18,13.255196,17.442301,95.093628,59.533508,49.153969,87.737083
2017-01-19,13.20657,17.4135,95.093628,58.669296,48.70319,90.267487
2017-01-20,13.07042,18.192301,94.804626,59.193645,48.624794,89.4207
2017-01-23,13.459421,18.0481,96.712082,61.038597,49.389156,91.721962
2017-01-24,13.352446,18.7885,98.870018,63.757465,50.467091,95.029411
2017-01-25,13.255196,19.1154,97.434608,62.689339,50.467091,95.288429
2017-01-26,13.03152,18.5769,96.153336,60.320034,49.398949,97.320724
2017-01-27,13.01207,18.6154,99.014526,59.892788,50.133911,93.455383
2017-01-30,12.87592,18.4615,97.396072,59.1451,50.016319,93.066856
2017-01-31,12.77867,18.519199,96.2882,60.727871,48.428806,92.658409
2017-02-01,12.652246,18.1635,95.006935,62.970936,48.72279,91.43306
2017-02-02,12.85647,18.192301,96.307472,61.475555,48.712994,90.237595
2017-02-03,12.50637,18.0481,98.513573,62.038754,48.977581,89.839111
2017-02-07,12.214619,17.3654,95.305573,61.970779,48.027027,92.22007
2017-02-08,12.31187,17.0961,95.912491,62.572819,47.811447,92.767998
2017-02-09,12.66197,17.432699,97.636917,61.300774,48.281818,92.947319
2017-02-10,12.934271,17.567301,98.272736,62.980648,49.183361,94.740509
2017-02-13,12.81757,17.6539,96.451981,64.281822,48.840382,94.132813
2017-02-14,12.807846,17.5865,94.929863,64.359497,48.791389,92.160301
2017-02-15,12.846745,17.3846,95.026199,62.640785,48.70319,93.186409
2017-02-16,12.788394,17,96.567574,63.194279,48.507202,93.325874
2017-02-17,12.613345,16.9904,96.220772,62.466003,47.55666,93.883759
2017-02-20,12.516094,17.019199,96.336372,63.126297,47.46846,92.857651
2017-02-21,12.52582,17.307699,97.193764,65.000381,49.555744,93.29599
2017-02-22,12.389668,16.8269,96.259308,62.92239,48.663994,92.249962
2017-02-23,12.302144,16.375,97.135963,61.203671,47.745068,101.026665
2017-02-24,12.224344,16.2789,95.864326,60.677147,47.735268,104.294258
2017-02-27,12.496646,16.807699,95.575317,59.906857,46.764877,105.848358
2017-02-28,12.399394,16.355801,96.191864,59.419331,46.431606,101.93322
2017-03-01,12.52582,17.3654,96.056999,60.345627,47.892097,101.783783
2017-03-02,12.739771,16.6346,96.294563,61.77895,47.980312,102.032837
2017-03-03,12.710594,16.5865,97.377296,61.330425,50.146534,100.677979
2017-03-06,12.81757,17.0096,97.562622,60.852654,51.146328,101.514809
2017-03-07,12.593894,16.6635,98.13813,59.224327,50.107327,99.63195
2017-03-08,12.866195,16.4615,98.303947,58.229778,50.59742,100.080246
2017-03-09,12.282694,16.5,97.591888,57.781254,50.548409,101.106354
2017-03-10,11.971494,16.2789,98.538048,57.68375,49.9603,99.442665
2017-03-13,12.029844,16.4135,98.655106,57.859261,50.234749,99.761459
2017-03-14,12.224344,16.182699,98.235672,57.830009,49.568222,100.777603
2017-03-15,12.457745,16.4615,98.13813,58.493042,50.048519,100.149986
2017-03-16,12.730045,16.8269,99.679314,57.703255,50.911079,101.544693
2017-03-17,13.050971,16.7404,102.088631,57.820255,50.724846,100.448853
2017-03-21,13.196845,16.2596,102.839706,57.420486,49.9799,99.512405
2017-03-22,12.982896,16.25,103.25914,58.27853,49.597622,98.526146
2017-03-23,12.95372,16.1635,104.819832,58.88306,50.509205,97.539894
2017-03-24,12.95372,16.0961,107.989983,58.658798,50.666031,97.410378
2017-03-27,13.187121,16.1539,110.116425,56.767212,50.224953,99.442665
2017-03-28,13.303822,16.0769,107.785141,55.19738,50.411182,98.964478
2017-03-29,13.381621,16.0865,106.224457,56.718456,50.469997,97.061699
2017-03-30,13.157946,15.9231,106.312241,56.104179,50.12693,97.161324
2017-03-31,12.914821,16.2981,105.014923,54.875622,50.019108,96.593475
2017-04-03,13.021796,16.2885,105.883057,54.963371,50.450394,94.710625
2017-04-04,13.021796,16.9039,105.74649,56.54295,51.293358,96.882385
2017-04-05,12.99262,16.807699,104.419907,56.708702,50.832664,96.394234
2017-04-06,12.934271,16.75,103.561523,56.172428,50.489594,96.1651
2017-04-07,13.080145,16.7981,106.721924,55.363136,50.205345,96.47393
2017-04-10,13.381621,16.7789,105.805016,55.675152,50.46019,97.400414
2017-04-11,13.381621,16.6635,106.312241,55.772659,50.30336,98.047958
2017-04-12,13.099596,16.2211,104.38089,54.456345,50.224953,96.533707
2017-04-17,13.16767,16.057699,104.849091,53.812813,49.234959,96.185028
2017-04-18,13.20657,15.9038,106.848732,53.588554,49.597622,96.732948
2017-04-19,13.274645,15.7692,106.721924,54.115078,49.9995,97.041779
2017-04-20,13.410796,16.0385,107.394966,55.567905,50.391582,95.268501
2017-04-21,13.36217,16.019199,107.502266,55.070625,50.764053,94.182625
2017-04-24,13.615022,16.2019,108.848358,54.193089,51.675636,94.820206
2017-04-25,13.780347,16.6731,109.794525,54.641605,51.822659,97.798904
2017-04-26,14.247147,16.7885,106.224457,54.193089,51.656025,97.191208
2017-04-27,14.354123,16.932699,106.039116,54.183334,50.999298,92.588676
2017-04-28,14.072097,16.6539,106.273224,53.988323,50.528809,90.984764
2017-05-02,14.072097,16.7404,104.849091,53.734814,50.842464,92.608597
2017-05-03,13.780347,16.559999,104.497932,52.594006,50.832664,92.030792
2017-05-04,14.013746,16.389999,104.712532,52.028484,50.773853,91.841515
2017-05-05,14.179072,16.719999,105.346565,52.145485,50.685638,92.817802
2017-05-08,14.149898,16.639999,106.653641,51.969975,52.136322,94.112892
2017-05-09,14.344398,16.790001,107.151108,52.623257,52.283348,94.202545
2017-05-10,14.363849,16.74,107.014549,52.750015,51.685432,94.421715
2017-05-11,13.984572,16.41,105.170982,52.623257,50.626827,92.967239
2017-05-12,14.052647,16.309999,105.765999,52.252747,50.087715,92.170258
2017-05-15,14.373572,16.379999,105.268524,52.174736,49.862278,92.339622
2017-05-16,14.334672,16.18,105.327057,51.121689,49.381989,91.52272
2017-05-17,14.140172,15.82,104.117516,50.000385,49.048721,89.958656
2017-05-18,13.790072,15.58,104.341873,49.512859,48.705654,90.227631
2017-05-19,14.373572,15.96,106.721924,51.940727,49.195744,90.078201
2017-05-22,14.324947,15.8,106.868233,50.751171,49.058521,90.307335
2017-05-23,14.383297,15.94,105.707474,50.468407,49.489803,90.237595
2017-05-24,14.509723,15.68,106.712166,51.209442,49.29377,91.961052
2017-05-25,14.441648,15.52,104.907623,51.969975,49.187572,92.239998
2017-05-26,14.655598,15.55,106.799957,52.057735,49.236809,92.769997
2017-05-29,14.568072,15.52,105.805016,51.547844,49.197422,91.769997
2017-05-30,14.636148,15.71,106.156174,50.949699,48.902,91.040001
2017-05-31,14.558348,15.42,104.790565,49.518093,48.133907,90.190002
2017-06-01,14.568072,15.71,105.210007,50.096619,48.23238,90.519997
2017-06-02,14.509723,15.94,106.380516,49.86129,48.685356,91.050003
2017-06-05,14.577797,15.89,107.14135,50.155453,48.616425,90.5
2017-06-06,14.490273,16.120001,105.50264,49.655373,48.242226,89.5
2017-06-07,14.499997,16.139999,107.268166,49.55732,48.133907,89.010002
2017-06-08,14.393023,16.389999,105.824524,49.292564,48.419476,88.339996
2017-06-09,14.344398,16.799999,105.483124,49.596539,48.340698,88.089996
2017-06-12,14.295773,16.84,106.790207,48.949368,48.360397,88.75
2017-06-13,14.062372,16.73,107.599808,48.939568,48.783833,89.080002
2017-06-14,14.091546,16.73,107.804649,49.086647,48.773983,88.989998
2017-06-15,13.935946,16.530001,108.097282,48.213947,47.661236,88.360001
2017-06-16,13.887321,16.6,110.496841,49.223927,48.27177,87.769997
2017-06-19,13.935946,16.67,111.862442,48.606178,47.415051,86.849998
2017-06-20,13.828972,16.540001,112.067284,48.057064,47.218102,86.690002
2017-06-21,14.023473,16.68,110.009125,47.772701,48.143753,87.190002
2017-06-22,13.906773,16.620001,109.1605,47.262814,48.67551,87.019997
2017-06-23,13.828972,16.530001,110.545616,47.370678,47.996044,87.910004
2017-06-26,14.023473,16.440001,113.510002,47.606007,47.218102,89.110001
2017-06-27,13.955398,16.5,113.080002,48.292397,47.227947,89.029999
2017-06-28,13.965121,16.809999,113.32,49.243538,47.611996,90.029999
2017-06-29,13.965121,16.780001,114.349998,48.723839,47.277187,87.550003
2017-06-30,14.198523,17.049999,115.389999,50.077011,47.976349,88.449997
2017-07-03,14.276322,17.51,115.629997,51.547844,47.552914,89.889999
2017-07-04,14.237423,17.57,115.889999,51.78318,47.198406,89.82
2017-07-05,14.393023,17.889999,115.82,51.969482,47.60215,91.5
2017-07-06,14.227697,17.700001,115.959999,52.008705,47.316574,90.709999
2017-07-07,14.324947,17.799999,117.029999,52.469566,47.533218,89.790001
2017-07-10,14.568072,18.040001,120.769997,52.577427,47.986198,93.040001
2017-07-11,14.645873,18.16,118.949997,52.61665,47.13932,94.279999
2017-07-12,14.518176,18.26,120.260002,53.244205,48.281616,92.010002
2017-07-13,14.390479,17.98,121.129997,53.920792,49.148186,92.889999
2017-07-14,14.626227,18,120.809998,54.587566,49.276203,91.800003
2017-07-17,14.704811,17.57,120.720001,54.950378,49.13834,92.480003
2017-07-18,14.77357,17.17,120.349998,54.852318,48.69521,91.959999
2017-07-19,14.881621,17.200001,120.900002,54.656212,49.246658,91.980003
2017-07-20,14.881621,17.459999,120.860001,54.322819,49.207272,91.510002
2017-07-21,15.176307,17.91,121.07,54.254181,48.705055,92.489998
2017-07-24,15.49064,17.9,121.610001,54.548347,48.45887,93.610001
2017-07-25,15.549576,17.93,119.190002,56.215298,49.089096,94.25
2017-07-26,15.500462,17.299999,118.879997,57.313519,49.571625,94.910004
2017-07-27,15.32365,17.02,118.839996,57.009544,50.349567,93.720001
2017-07-28,15.608513,17.15,117.279999,57.019348,50.054146,94.970001
2017-07-31,15.480816,17.200001,118.019997,56.862461,49.955669,94.889999
2017-08-01,15.480816,17.610001,117.919998,57.029152,49.443604,97.389999
2017-08-02,15.588867,17.52,120.040001,57.14682,49.93597,95.510002
2017-08-03,15.618336,17.299999,122.239998,57.303707,50.142769,94.720001
2017-08-04,15.637981,17.5,120.959999,57.362545,50.379108,94.650002
2017-08-07,15.696918,17.43,121.349998,57.235069,47.799095,94.43
2017-08-08,15.510284,17.25,125.120003,57.14682,47.936962,93.980003
2017-08-09,15.49064,17.17,124.690002,57.127205,47.789246,94.150002
2017-08-10,15.834439,16.690001,123.639999,55.489677,47.986198,93.239998
2017-08-11,15.795147,16.5,122.550003,54.469898,48.084675,92.32
2017-08-14,16.109478,16.610001,124.110001,55.96035,47.434742,92.18
2017-08-15,16.286289,16.549999,124.540001,55.587734,46.755276,92.349998
2017-08-16,16.325583,16.52,121.120003,56.597713,46.637112,91.419998
2017-08-17,16.325583,16.42,121.059998,56.166264,46.459854,91.480003
2017-08-18,16.374697,16.370001,121.540001,56.529072,47.572605,90.300003
2017-08-21,16.345226,16.24,124.690002,57.297909,47.257492,90.870003
2017-08-22,16.364874,16.200001,126.150002,58.342735,47.434742,90.809998
2017-08-23,16.256821,16.15,125.660004,58.03717,47.513527,91.230003
2017-08-24,16.355049,16.110001,126.629997,58.776436,47.505211,91.599998
2017-08-25,16.345226,16.16,125.019997,58.79615,48.098774,92.720001
2017-08-28,16.413984,16.280001,122.400002,59.111572,47.673386,92.870003
2017-08-29,16.413984,16.4,122.110001,58.648296,47.129284,92.989998
2017-08-30,16.364874,16.889999,122.959999,58.589153,46.95121,92.269997
2017-08-31,16.325583,16.709999,121.919998,58.096313,47.109493,92.440002
2017-09-01,16.197884,16.84,122.510002,58.332874,48.534061,91.089996
2017-09-04,16.080011,16.66,122.029999,58.559586,47.811886,90.129997
2017-09-05,16.021072,16.42,120.199997,58.38216,47.614029,89.360001
2017-09-06,16.001429,16.34,121.860001,58.096313,47.317245,88.739998
2017-09-07,16.021072,16.16,120.68,58.421589,47.62392,87.650002
2017-09-08,15.893376,16.209999,119.830002,57.238766,47.495316,88.739998
2017-09-11,16.089832,16.120001,121.43,57.38662,48.029526,89.010002
2017-09-12,16.109478,16.209999,122,57.307762,48.108673,89.32
2017-09-13,16.099655,15.98,119.980003,55.622242,48.088882,89.459999
2017-09-14,16.040718,16.15,120.510002,55.070255,48.019634,88.639999
2017-09-15,15.981781,16,121.620003,54.468987,46.77314,88.589996
2017-09-18,16.109478,16.139999,123.620003,54.39999,47.000675,89.360001
2017-09-19,16.080011,16.24,124.75,54.587269,47.673386,88.599998
2017-09-20,16.129124,16.65,125.300003,54.59713,47.475533,88.720001
2017-09-21,16.129124,16.719999,126.889999,54.114143,47.079819,89.580002
2017-09-22,16.050541,16.58,126.129997,53.907146,46.842388,88.650002
2017-09-25,16.129124,16.5,126.639999,53.256592,46.763248,89.610001
2017-09-26,16.129124,16.469999,126.290001,53.6903,47.683277,89.18
2017-09-27,15.94249,16.42,123.029999,54.173283,47.891026,89.449997
2017-09-28,15.863906,16.360001,124.489998,55.198395,47.26778,88.599998
2017-09-29,15.873731,16.549999,125.580002,54.89283,47.564568,89.75
2017-10-02,15.637981,16.57,127.709999,54.390137,47.614029,89.82
2017-10-03,15.863906,16.559999,126.169998,55.15897,47.44585,89.650002
2017-10-04,15.873731,16.540001,125.339996,55.464535,47.435959,89.860001
2017-10-05,15.873731,16.49,123.589996,57.081059,47.287563,90.639999
2017-10-06,15.952312,16.620001,122.690002,57.120483,47.376602,89.290001
2017-10-09,15.903199,16.18,123.400002,57.288052,46.95121,87.620003
2017-10-10,16.089832,15.91,123.269997,57.711895,47.406281,88.169998
2017-10-11,16.138947,15.4,123.769997,58.056889,48.316418,88.199997
2017-10-12,16.453278,15.09,122.559998,57.74147,47.317245,87.449997
2017-10-13,16.698849,15.29,119.769997,58.520157,46.545605,88.339996
2017-10-16,16.767609,14.9,118.889999,60.60981,46.525822,88.269997
2017-10-17,16.924774,15.34,119.370003,60.89566,48.722023,88.989998
2017-10-18,16.836369,15.21,120.300003,60.836521,48.712128,88.879997
2017-10-19,17.199814,15.3,118.940002,60.412674,48.405453,89.190002
2017-10-20,17.877592,15.18,119.910004,59.170708,48.494488,90.599998
2017-10-23,17.602552,15.46,116.18,59.288994,48.049313,89.989998
2017-10-24,17.867769,15.89,117.059998,60.9548,48.682453,90.559998
2017-10-25,16.630091,15.52,106.18,62.14748,48.42524,90.25
2017-10-26,16.472923,15.75,107.540001,62.581184,49.355164,91.510002
2017-10-27,16.188061,15.75,114.650002,62.36433,49.335377,86.209999
2017-10-30,16.217529,15.51,114.93,61.467358,49.157307,85.989998
2017-10-31,16.247,15.58,113.779999,61.447643,48.830845,83.93
2017-11-01,16.168413,15.3,113.540001,61.4575,49.681625,82.629997
2017-11-03,16.394341,15.17,112.260002,62.088341,49.909161,79.440002
2017-11-06,16.590797,15.37,114.720001,62.413616,49.562908,79.040001
2017-11-07,16.630091,15.52,116.370003,62.896603,49.305698,79.139999
2017-11-08,16.640001,15.68,114.790001,62.886742,49.731091,78.559998
2017-11-09,16.639999,15.76,114.919998,61.556068,49.196877,77.139999
2017-11-10,16.51,15.54,111.900002,60.452103,48.2076,75.559998
2017-11-13,16.459999,15.19,113,59.476273,49.325485,76.550003
2017-11-14,16.27,15.08,114.290001,58.608868,48.791271,74.870003
2017-11-15,16.23,14.91,114.080002,57.357048,48.168022,74.400002
2017-11-16,16.389999,15.02,114.190002,57.564041,48.712128,72.900002
2017-11-17,16.33,14.91,117.160004,58.047028,48.613201,70.849998
2017-11-21,16.360001,14.77,116.209999,59.396725,48.91988,70.269997
2017-11-22,16.43,14.64,115.949997,61.054081,48.811054,69.489998
2017-11-23,16.52,14.85,115.419998,59.783775,48.761593,70.449997
2017-11-24,16.43,14.65,113.980003,60.101353,48.80579,69.720001
2017-11-27,16.27,14.44,110.019997,59.51582,48.52747,67.43
2017-11-28,16.360001,14.6,107.389999,60.339531,47.851543,64.970001
2017-11-29,16.4,14.51,109.980003,60.230362,48.189507,67.300003
2017-11-30,15.99,14.26,109.300003,57.888241,48.179569,69.980003
2017-12-01,15.9,14.06,110.769997,57.808846,47.125919,68.370003
2017-12-04,15.92,13.87,108.059998,57.580585,47.036457,70.089996
2017-12-05,16.07,13.77,110.870003,57.630207,48.418129,70.690002
2017-12-06,16.110001,13.6,107.849998,56.56831,48.090107,70.080002
2017-12-07,16.120001,13.89,104.089996,58.404301,47.195499,70.620003
2017-12-08,16.309999,14.19,105.839996,58.493618,47.901245,70.870003
2017-12-11,16.43,14.29,104.150002,58.493618,47.772026,71.150002
2017-12-13,16.66,14.47,102.379997,60.230362,49.819679,72.150002
2017-12-14,16.65,14.36,102.010002,59.505894,49.461838,73.019997
2017-12-15,16.52,14.19,104.540001,59.47612,48.746155,73.620003
2017-12-18,16.66,14.32,107.169998,60.339531,49.163635,73.050003
2017-12-19,16.709999,14.26,105.709999,60.587639,48.050346,73.760002
2017-12-20,16.67,14.49,107.449997,60.299835,46.827717,73.660004
2017-12-21,16.639999,14.68,106.620003,61.054081,47.970825,74.660004
2017-12-22,16.780001,14.71,104.559998,61.798401,47.821724,74.559998
2017-12-26,16.91,14.78,103.599998,61.401428,47.722324,74.440002
2017-12-27,16.82,14.78,105.699997,61.93734,48.42807,73.839996
2017-12-28,16.98,14.75,107.610001,62.503021,48.59705,73.730003
2017-12-29,16.950001,14.7,107.830002,64.418411,48.338612,73.580002
2018-01-02,17.120001,15.07,107.370003,65.490227,49.700401,75.339996
2018-01-03,16.76,15.25,109.43,65.698631,49.660641,74.849998
2018-01-04,16.76,15.39,109.519997,64.636734,50.028423,74.089996
2018-01-05,16.790001,15.18,110.040001,65.172646,50.555248,74.25
2018-01-08,16.98,15.15,109.419998,64.845146,49.839561,74.370003
2018-01-09,16.93,14.95,110.660004,65.162727,50.068184,73.209999
2018-01-10,16.48,15.01,107.849998,64.904694,49.511539,72.669998
2018-01-11,16.370001,15.33,106.199997,65.559692,51.280872,72.910004
2018-01-12,16.48,15.31,109.110001,65.688713,51.330574,72.690002
2018-01-15,16.5,15.37,110.730003,65.77803,51.718235,73.32
2018-01-16,16.389999,15.36,108.260002,65.033707,52.354401,73.529999
2018-01-17,16.530001,15.29,109.959999,65.470375,53.050205,74.080002
2018-01-18,17.07,15.25,111.43,64.765755,53.000507,74.980003
2018-01-19,16.940001,15.27,109.900002,64.110748,52.583023,74.849998
2018-01-22,17.219999,15.4,111.230003,63.594692,51.976681,76.43
2018-01-23,17.190001,15.62,113.419998,63.396206,52.960747,77.449997
2018-01-24,17.469999,15.58,116.839996,65.053558,53.656551,77.699997
2018-01-25,17.610001,15.43,115.529999,65.907051,53.358349,78
2018-01-26,17.620001,15.7,119.629997,67.524704,54.372238,76.360001
2018-01-29,17.4,15.51,119.089996,66.562042,54.372238,77.110001
2018-01-30,17.469999,15.77,119.019997,65.003937,52.374279,76.75
2018-01-31,17.440001,15.48,119.580002,65.480309,52.433922,77.019997
2018-02-01,17.639999,15.34,118.279999,65.708557,53.12973,76.949997
2018-02-02,17.42,15.21,119.669998,64.468025,53.119785,76.550003
2018-02-06,17.190001,14.92,115.160004,63.91227,51.539314,74.480003
2018-02-07,16.879999,14.7,116.190002,62.106052,51.370335,73.879997
2018-02-08,16.6,14.03,114.769997,60.93499,50.84351,70.669998
2018-02-09,16.58,13.96,115.989998,61.857948,50.704346,70.150002
2018-02-12,16.6,13.79,115.550003,62.751129,50.664589,70.879997
2018-02-13,16.67,13.78,115.330002,63.515297,50.813686,70.419998
2018-02-14,17.379999,14.14,116.309998,64.795525,52.304699,70.489998
2018-02-15,17.950001,13.94,117.529999,65.381058,52.632725,70.720001
2018-02-16,17.870001,13.91,116,65.599388,52.722187,71.25
2018-02-19,17.780001,13.93,116.769997,64.378708,53.358349,71.639999
2018-02-20,17.75,13.52,114.360001,65.07341,52.612843,71.910004
2018-02-21,17.889999,13.28,114.800003,64.468025,51.161594,68.559998
2018-02-22,17.92,13.5,115.120003,65.490227,54.799664,69.099998
2018-02-23,17.870001,13.23,115.559998,65.519997,54.213196,67.239998
2018-02-26,18.01,13.05,115.400002,65.790001,53.68,68.260002
2018-02-27,17.940001,12.69,113.099998,65.540001,53.459999,66.580002
2018-02-28,17.34,12.45,113.160004,64.349998,52.84,64.510002
2018-03-01,17.610001,13.1,112.379997,62.130001,53.349998,63.66
2018-03-02,17.549999,13.1,112.93,61.639999,53.630001,64.040001
2018-03-05,17.799999,13.01,113.040001,63.93,53.799999,63.93
2018-03-06,17.450001,13.15,114.32,65.099998,53.540001,63.490002
2018-03-07,17.450001,13,113.940002,64.919998,53.759998,63.25
2018-03-08,17.639999,13.55,117.190002,64.690002,55.470001,63.27
2018-03-09,17.879999,13.72,119.120003,64.110001,55.490002,63.540001
2018-03-12,17.84,13.55,118.739998,64.879997,55.709999,63.540001
2018-03-13,18.09,13.68,116.559998,64.949997,54.91,62.119999
2018-03-14,17.98,13.44,116.169998,63.34,55.650002,61.18
2018-03-15,18.01,13.38,114.419998,62.630001,55.77,59.889999
2018-03-16,17.75,13.07,115.459999,61.889999,55.810001,58.889999
2018-03-20,17.700001,12.62,115.599998,63.27,56.369999,54.700001
2018-03-21,17.719999,12.65,114.709999,64.239998,57.16,54.049999
2018-03-22,17.76,12.43,114.910004,63.240002,56.389999,57.029999
2018-03-23,17.35,12.99,113.629997,60.91,56.09,56.630001
2018-03-26,17.610001,12.92,115.169998,61.810001,56.580002,57.040001
2018-03-27,17.629999,12.65,113.230003,61.790001,56.259998,58.639999
2018-03-28,17.25,12.03,111.129997,60.549999,55.639999,57.830002
2018-04-02,17.16,11.99,110.400002,60.080002,54.779999,59
2018-04-03,17.58,12.12,112.25,61.990002,56.220001,60.419998
2018-04-04,17.690001,12.4,114.940002,61.98,57.610001,63.419998
2018-04-05,17.76,12.63,115.239998,62.470001,57.990002,64.050003
2018-04-06,17.76,12.66,115.639999,61.799999,57.509998,66.550003
2018-04-09,17.84,13.04,115.050003,61.709999,57.189999,66.410004
2018-04-10,17.870001,12.98,117.019997,63.82,57.310001,63.279999
2018-04-11,17.780001,13.05,118.349998,64.720001,57.939999,63.369999
2018-04-12,17.799999,13.06,119.300003,65.370003,59.029999,64.129997
2018-04-13,17.76,12.89,119.080002,65.330002,58.93,63.720001
2018-04-16,17.6,12.6,119.629997,63.400002,58.23,64.160004
2018-04-17,17.790001,12.92,119.32,63.439999,58.860001,65.669998
2018-04-18,17.940001,13.05,119.370003,65.099998,58.810001,65.900002
2018-04-19,17.98,12.85,117.040001,63.82,58.75,65.650002
2018-04-20,17.85,12.69,115.309998,62.939999,59.200001,65.709999
2018-04-23,17.74,12.86,114.690002,63.950001,58.73,66.489998
2018-04-24,17.59,12.5,115.129997,63.279999,58.84,65.779999
2018-04-25,17.5,12.47,115.550003,63.560001,58.549999,65.589996
2018-04-26,17.5,12.16,115.410004,63.470001,58.939999,64.099998
2018-04-27,17.4,11.67,116.989998,62.369999,58.349998,66.93
2018-04-30,17.309999,11.7,117.019997,62.169998,58.419998,67.120003
2018-05-02,17.24,11.44,117.290001,59.98,57.650002,67.209999
2018-05-03,17.049999,11.44,113.730003,58.580002,57.349998,65.949997
2018-05-04,17.040001,11.53,111.57,57.919998,57.150002,67.389999
